date,aqi_value
30-04-2025,46
29-04-2025,42
28-04-2025,35
27-04-2025,46
26-04-2025,48
25-04-2025,57
24-04-2025,50
23-04-2025,58
22-04-2025,58
21-04-2025,55
20-04-2025,70
19-04-2025,66
18-04-2025,61
17-04-2025,67
16-04-2025,50
15-04-2025,47
14-04-2025,72
13-04-2025,59
12-04-2025,65
11-04-2025,67
10-04-2025,58
09-04-2025,46
08-04-2025,49
07-04-2025,64
06-04-2025,54
05-04-2025,48
04-04-2025,56
03-04-2025,50
02-04-2025,68
01-04-2025,78
31-03-2025,66
30-03-2025,67
29-03-2025,66
28-03-2025,93
27-03-2025,77
26-03-2025,70
25-03-2025,66
24-03-2025,64
23-03-2025,52
22-03-2025,52
21-03-2025,46
20-03-2025,46
19-03-2025,41
18-03-2025,49
17-03-2025,55
16-03-2025,51
15-03-2025,41
14-03-2025,55
13-03-2025,77
12-03-2025,77
11-03-2025,62
10-03-2025,56
09-03-2025,84
08-03-2025,101
07-03-2025,134
06-03-2025,64
05-03-2025,54
04-03-2025,50
03-03-2025,58
02-03-2025,46
01-03-2025,65
28-02-2025,81
27-02-2025,85
26-02-2025,88
25-02-2025,70
24-02-2025,71
23-02-2025,63
22-02-2025,70
21-02-2025,68
20-02-2025,72
19-02-2025,92
18-02-2025,104
17-02-2025,82
16-02-2025,68
15-02-2025,70
14-02-2025,65
13-02-2025,83
12-02-2025,91
11-02-2025,103
10-02-2025,118
09-02-2025,104
08-02-2025,128
07-02-2025,122
06-02-2025,88
05-02-2025,87
04-02-2025,76
03-02-2025,63
02-02-2025,60
01-02-2025,56
31-01-2025,69
30-01-2025,106
29-01-2025,135
28-01-2025,107
27-01-2025,73
26-01-2025,67
25-01-2025,76
24-01-2025,62
23-01-2025,93
22-01-2025,110
21-01-2025,112
20-01-2025,83
19-01-2025,61
18-01-2025,108
17-01-2025,122
16-01-2025,70
15-01-2025,36
14-01-2025,50
13-01-2025,99
12-01-2025,79
11-01-2025,73
10-01-2025,121
09-01-2025,120
08-01-2025,121
07-01-2025,144
06-01-2025,151
05-01-2025,152
04-01-2025,152
03-01-2025,114
02-01-2025,113
31-12-2024,104
30-12-2024,96
29-12-2024,79
28-12-2024,55
27-12-2024,36
26-12-2024,41
25-12-2024,44
24-12-2024,39
23-12-2024,46
22-12-2024,41
21-12-2024,50
20-12-2024,47
19-12-2024,85
18-12-2024,120
17-12-2024,97
16-12-2024,99
15-12-2024,81
14-12-2024,96
13-12-2024,80
12-12-2024,46
11-12-2024,76
10-12-2024,89
09-12-2024,75
08-12-2024,49
07-12-2024,44
06-12-2024,56
05-12-2024,38
04-12-2024,45
03-12-2024,53
02-12-2024,40
01-12-2024,24
30-11-2024,64
29-11-2024,103
28-11-2024,134
27-11-2024,133
26-11-2024,129
25-11-2024,114
24-11-2024,88
23-11-2024,138
22-11-2024,134
21-11-2024,114
20-11-2024,112
19-11-2024,126
18-11-2024,124
17-11-2024,124
16-11-2024,53
15-11-2024,45
14-11-2024,44
13-11-2024,42
12-11-2024,60
11-11-2024,99
10-11-2024,85
09-11-2024,57
08-11-2024,50
07-11-2024,51
06-11-2024,107
05-11-2024,90
04-11-2024,56
03-11-2024,72
02-11-2024,71
01-11-2024,142
31-10-2024,213
30-10-2024,117
29-10-2024,90
28-10-2024,131
27-10-2024,119
26-10-2024,92
25-10-2024,102
24-10-2024,102
23-10-2024,69
22-10-2024,55
21-10-2024,44
20-10-2024,51
19-10-2024,64
18-10-2024,66
17-10-2024,43
16-10-2024,50
15-10-2024,45
14-10-2024,36
13-10-2024,30
12-10-2024,30
11-10-2024,51
10-10-2024,37
09-10-2024,35
08-10-2024,44
07-10-2024,51
06-10-2024,70
05-10-2024,58
04-10-2024,69
03-10-2024,52
02-10-2024,55
01-10-2024,46
30-09-2024,44
29-09-2024,51
28-09-2024,72
27-09-2024,67
26-09-2024,56
25-09-2024,58
24-09-2024,59
23-09-2024,51
22-09-2024,56
21-09-2024,63
20-09-2024,92
19-09-2024,72
18-09-2024,49
17-09-2024,51
16-09-2024,47
15-09-2024,50
14-09-2024,51
13-09-2024,53
12-09-2024,58
11-09-2024,62
10-09-2024,55
09-09-2024,56
08-09-2024,48
07-09-2024,67
06-09-2024,55
05-09-2024,62
04-09-2024,44
03-09-2024,50
02-09-2024,42
01-09-2024,44
31-08-2024,41
30-08-2024,45
29-08-2024,47
28-08-2024,49
27-08-2024,51
26-08-2024,47
25-08-2024,59
24-08-2024,49
23-08-2024,53
22-08-2024,51
21-08-2024,82
20-08-2024,60
19-08-2024,65
18-08-2024,82
17-08-2024,66
16-08-2024,62
15-08-2024,81
14-08-2024,76
13-08-2024,75
12-08-2024,72
11-08-2024,72
10-08-2024,72
09-08-2024,55
08-08-2024,64
07-08-2024,68
06-08-2024,72
05-08-2024,65
04-08-2024,60
03-08-2024,72
02-08-2024,89
01-08-2024,78
31-07-2024,75
30-07-2024,77
29-07-2024,80
28-07-2024,78
27-07-2024,77
26-07-2024,73
25-07-2024,68
24-07-2024,69
23-07-2024,93
22-07-2024,94
21-07-2024,95
20-07-2024,69
19-07-2024,68
18-07-2024,62
17-07-2024,67
16-07-2024,48
15-07-2024,54
14-07-2024,63
13-07-2024,54
12-07-2024,73
11-07-2024,69
10-07-2024,68
09-07-2024,57
08-07-2024,48
07-07-2024,59
06-07-2024,71
05-07-2024,63
04-07-2024,57
03-07-2024,72
02-07-2024,70
01-07-2024,57
30-06-2024,67
29-06-2024,68
28-06-2024,59
27-06-2024,60
26-06-2024,61
25-06-2024,65
24-06-2024,59
23-06-2024,57
22-06-2024,60
21-06-2024,58
20-06-2024,54
19-06-2024,60
18-06-2024,64
17-06-2024,62
16-06-2024,77
15-06-2024,76
14-06-2024,65
13-06-2024,72
12-06-2024,64
11-06-2024,74
10-06-2024,97
09-06-2024,65
08-06-2024,99
07-06-2024,62
06-06-2024,59
05-06-2024,59
04-06-2024,65
03-06-2024,65
02-06-2024,65
01-06-2024,74
31-05-2024,85
30-05-2024,84
29-05-2024,102
28-05-2024,97
27-05-2024,86
26-05-2024,85
25-05-2024,77
24-05-2024,70
23-05-2024,70
22-05-2024,51
21-05-2024,66
20-05-2024,62
19-05-2024,63
18-05-2024,68
17-05-2024,59
16-05-2024,55
15-05-2024,62
14-05-2024,56
13-05-2024,67
12-05-2024,50
11-05-2024,56
10-05-2024,51
09-05-2024,46
08-05-2024,62
07-05-2024,61
06-05-2024,59
05-05-2024,57
04-05-2024,60
03-05-2024,62
02-05-2024,54
01-05-2024,59
30-04-2024,55
29-04-2024,43
28-04-2024,58
27-04-2024,64
26-04-2024,60
25-04-2024,56
24-04-2024,58
23-04-2024,58
22-04-2024,56
21-04-2024,64
20-04-2024,58
19-04-2024,57
18-04-2024,54
17-04-2024,77
16-04-2024,69
15-04-2024,67
14-04-2024,79
13-04-2024,62
12-04-2024,61
11-04-2024,63
10-04-2024,75
09-04-2024,62
08-04-2024,62
07-04-2024,65
06-04-2024,59
05-04-2024,62
04-04-2024,66
03-04-2024,64
02-04-2024,56
01-04-2024,46
31-03-2024,58
30-03-2024,58
29-03-2024,58
28-03-2024,64
27-03-2024,69
26-03-2024,64
25-03-2024,63
24-03-2024,71
23-03-2024,73
22-03-2024,70
21-03-2024,67
20-03-2024,83
19-03-2024,62
18-03-2024,52
17-03-2024,54
16-03-2024,67
15-03-2024,76
14-03-2024,88
13-03-2024,85
12-03-2024,77
11-03-2024,77
10-03-2024,78
09-03-2024,90
08-03-2024,83
07-03-2024,81
06-03-2024,90
05-03-2024,76
04-03-2024,84
03-03-2024,80
02-03-2024,101
01-03-2024,83
29-02-2024,77
28-02-2024,72
27-02-2024,65
26-02-2024,64
25-02-2024,69
24-02-2024,72
23-02-2024,82
22-02-2024,89
21-02-2024,98
20-02-2024,100
19-02-2024,86
18-02-2024,87
17-02-2024,84
16-02-2024,84
15-02-2024,88
14-02-2024,63
13-02-2024,68
12-02-2024,69
11-02-2024,100
10-02-2024,85
09-02-2024,83
08-02-2024,93
07-02-2024,109
06-02-2024,88
05-02-2024,72
04-02-2024,72
03-02-2024,69
02-02-2024,39
01-02-2024,55
31-01-2024,98
30-01-2024,122
29-01-2024,122
28-01-2024,96
27-01-2024,95
26-01-2024,108
25-01-2024,108
24-01-2024,123
23-01-2024,99
22-01-2024,72
21-01-2024,79
20-01-2024,81
19-01-2024,74
18-01-2024,76
17-01-2024,78
16-01-2024,113
15-01-2024,176
14-01-2024,231
13-01-2024,136
12-01-2024,114
11-01-2024,94
10-01-2024,81
09-01-2024,80
08-01-2024,67
07-01-2024,66
06-01-2024,71
05-01-2024,92
04-01-2024,107
03-01-2024,119
02-01-2024,101
01-01-2024,142
31-12-2023,93
30-12-2023,71
29-12-2023,66
28-12-2023,70
27-12-2023,74
26-12-2023,77
25-12-2023,88
24-12-2023,130
23-12-2023,138
22-12-2023,172
21-12-2023,140
20-12-2023,96
19-12-2023,100
18-12-2023,77
17-12-2023,74
16-12-2023,92
15-12-2023,110
14-12-2023,87
13-12-2023,114
12-12-2023,70
11-12-2023,82
10-12-2023,88
09-12-2023,70
08-12-2023,57
07-12-2023,38
04-12-2023,36
03-12-2023,46
02-12-2023,65
01-12-2023,42
30-11-2023,41
29-11-2023,43
28-11-2023,44
27-11-2023,51
26-11-2023,72
25-11-2023,46
24-11-2023,41
23-11-2023,49
22-11-2023,45
21-11-2023,55
20-11-2023,50
19-11-2023,50
18-11-2023,57
17-11-2023,97
16-11-2023,90
15-11-2023,66
14-11-2023,111
13-11-2023,245
12-11-2023,178
11-11-2023,115
10-11-2023,83
09-11-2023,69
08-11-2023,73
07-11-2023,49
06-11-2023,40
05-11-2023,33
04-11-2023,59
03-11-2023,57
02-11-2023,61
01-11-2023,93
31-10-2023,129
30-10-2023,65
29-10-2023,60
28-10-2023,67
27-10-2023,102
26-10-2023,120
25-10-2023,127
24-10-2023,121
23-10-2023,109
22-10-2023,82
21-10-2023,90
20-10-2023,97
19-10-2023,120
18-10-2023,109
17-10-2023,79
16-10-2023,73
15-10-2023,75
14-10-2023,69
13-10-2023,79
12-10-2023,55
11-10-2023,70
10-10-2023,52
09-10-2023,47
08-10-2023,52
07-10-2023,73
06-10-2023,76
05-10-2023,77
04-10-2023,68
03-10-2023,56
02-10-2023,46
01-10-2023,57
30-09-2023,57
29-09-2023,57
28-09-2023,49
27-09-2023,84
26-09-2023,71
25-09-2023,49
24-09-2023,49
23-09-2023,56
22-09-2023,54
21-09-2023,64
20-09-2023,59
19-09-2023,50
18-09-2023,45
17-09-2023,62
16-09-2023,54
15-09-2023,55
14-09-2023,81
13-09-2023,57
12-09-2023,63
11-09-2023,54
10-09-2023,63
09-09-2023,83
08-09-2023,51
07-09-2023,71
06-09-2023,63
05-09-2023,70
04-09-2023,53
03-09-2023,63
02-09-2023,77
01-09-2023,71
31-08-2023,69
30-08-2023,88
29-08-2023,66
28-08-2023,78
27-08-2023,73
26-08-2023,68
25-08-2023,78
24-08-2023,65
23-08-2023,74
22-08-2023,68
21-08-2023,65
20-08-2023,62
19-08-2023,65
18-08-2023,61
17-08-2023,77
16-08-2023,71
15-08-2023,67
14-08-2023,54
13-08-2023,69
12-08-2023,74
11-08-2023,61
10-08-2023,82
09-08-2023,79
08-08-2023,66
07-08-2023,56
06-08-2023,78
05-08-2023,79
04-08-2023,87
03-08-2023,95
02-08-2023,99
01-08-2023,79
31-07-2023,74
30-07-2023,85
29-07-2023,96
28-07-2023,93
27-07-2023,64
26-07-2023,58
25-07-2023,66
24-07-2023,67
23-07-2023,61
22-07-2023,101
21-07-2023,107
20-07-2023,88
19-07-2023,87
18-07-2023,96
17-07-2023,78
16-07-2023,81
15-07-2023,77
14-07-2023,78
13-07-2023,69
12-07-2023,76
11-07-2023,52
10-07-2023,48
09-07-2023,73
08-07-2023,63
07-07-2023,82
06-07-2023,66
05-07-2023,64
04-07-2023,56
03-07-2023,58
02-07-2023,75
01-07-2023,61
30-06-2023,57
29-06-2023,76
28-06-2023,60
27-06-2023,64
26-06-2023,76
25-06-2023,73
24-06-2023,62
23-06-2023,73
22-06-2023,76
21-06-2023,62
20-06-2023,57
19-06-2023,50
18-06-2023,66
17-06-2023,78
16-06-2023,78
15-06-2023,84
14-06-2023,73
13-06-2023,58
12-06-2023,54
11-06-2023,67
10-06-2023,67
09-06-2023,69
08-06-2023,73
07-06-2023,72
06-06-2023,70
05-06-2023,88
04-06-2023,80
03-06-2023,92
02-06-2023,90
01-06-2023,82
31-05-2023,83
30-05-2023,70
29-05-2023,76
28-05-2023,86
27-05-2023,75
26-05-2023,79
25-05-2023,67
24-05-2023,72
23-05-2023,75
22-05-2023,68
21-05-2023,65
20-05-2023,76
19-05-2023,83
18-05-2023,71
17-05-2023,88
16-05-2023,83
15-05-2023,92
14-05-2023,101
13-05-2023,89
12-05-2023,111
11-05-2023,82
10-05-2023,58
09-05-2023,67
08-05-2023,65
07-05-2023,66
06-05-2023,64
05-05-2023,62
04-05-2023,59
03-05-2023,59
02-05-2023,58
01-05-2023,59
30-04-2023,59
29-04-2023,54
28-04-2023,58
27-04-2023,75
26-04-2023,62
25-04-2023,51
24-04-2023,64
23-04-2023,60
22-04-2023,65
21-04-2023,73
20-04-2023,70
19-04-2023,75
18-04-2023,72
17-04-2023,84
16-04-2023,78
15-04-2023,74
14-04-2023,98
13-04-2023,103
12-04-2023,83
11-04-2023,69
10-04-2023,60
09-04-2023,56
08-04-2023,54
07-04-2023,42
06-04-2023,53
05-04-2023,53
04-04-2023,53
03-04-2023,72
02-04-2023,54
01-04-2023,65
31-03-2023,63
30-03-2023,56
29-03-2023,58
28-03-2023,54
27-03-2023,42
26-03-2023,39
25-03-2023,41
24-03-2023,55
23-03-2023,43
22-03-2023,55
21-03-2023,48
20-03-2023,46
19-03-2023,51
18-03-2023,54
17-03-2023,61
16-03-2023,61
15-03-2023,104
14-03-2023,90
13-03-2023,85
12-03-2023,90
11-03-2023,94
10-03-2023,93
09-03-2023,87
08-03-2023,74
07-03-2023,91
06-03-2023,93
05-03-2023,91
04-03-2023,113
03-03-2023,118
02-03-2023,92
01-03-2023,85
28-02-2023,84
27-02-2023,98
26-02-2023,98
25-02-2023,86
24-02-2023,78
23-02-2023,111
22-02-2023,98
21-02-2023,97
20-02-2023,74
19-02-2023,75
18-02-2023,126
17-02-2023,134
16-02-2023,131
15-02-2023,105
14-02-2023,120
13-02-2023,136
12-02-2023,136
11-02-2023,99
10-02-2023,91
09-02-2023,96
08-02-2023,95
07-02-2023,92
06-02-2023,108
05-02-2023,113
04-02-2023,101
03-02-2023,95
02-02-2023,81
01-02-2023,101
31-01-2023,96
30-01-2023,85
29-01-2023,132
28-01-2023,113
27-01-2023,105
26-01-2023,159
25-01-2023,100
24-01-2023,72
23-01-2023,97
22-01-2023,114
21-01-2023,126
20-01-2023,124
19-01-2023,115
18-01-2023,95
17-01-2023,71
16-01-2023,65
15-01-2023,77
14-01-2023,147
13-01-2023,106
12-01-2023,111
11-01-2023,124
10-01-2023,140
09-01-2023,118
08-01-2023,184
07-01-2023,101
06-01-2023,95
05-01-2023,80
04-01-2023,99
03-01-2023,86
02-01-2023,76
01-01-2023,104
31-12-2022,67
30-12-2022,65
29-12-2022,57
28-12-2022,59
27-12-2022,38
26-12-2022,34
25-12-2022,73
24-12-2022,193
23-12-2022,172
22-12-2022,124
21-12-2022,120
20-12-2022,110
19-12-2022,88
18-12-2022,120
17-12-2022,123
16-12-2022,97
15-12-2022,72
14-12-2022,58
13-12-2022,46
12-12-2022,49
11-12-2022,45
10-12-2022,40
09-12-2022,115
08-12-2022,203
07-12-2022,238
06-12-2022,203
05-12-2022,127
04-12-2022,64
03-12-2022,50
02-12-2022,77
01-12-2022,132
30-11-2022,153
29-11-2022,142
28-11-2022,120
27-11-2022,108
26-11-2022,86
25-11-2022,98
24-11-2022,75
23-11-2022,62
22-11-2022,74
21-11-2022,84
20-11-2022,120
19-11-2022,108
18-11-2022,170
17-11-2022,142
16-11-2022,121
15-11-2022,96
14-11-2022,43
13-11-2022,38
12-11-2022,44
11-11-2022,46
10-11-2022,58
09-11-2022,74
08-11-2022,82
07-11-2022,105
06-11-2022,58
05-11-2022,44
04-11-2022,56
03-11-2022,59
02-11-2022,50
01-11-2022,59
31-10-2022,88
30-10-2022,74
29-10-2022,70
28-10-2022,59
27-10-2022,105
26-10-2022,147
25-10-2022,228
24-10-2022,192
23-10-2022,109
22-10-2022,83
21-10-2022,65
20-10-2022,73
19-10-2022,74
18-10-2022,66
17-10-2022,53
16-10-2022,51
15-10-2022,63
14-10-2022,56
13-10-2022,61
12-10-2022,58
11-10-2022,53
10-10-2022,61
09-10-2022,67
08-10-2022,114
07-10-2022,88
06-10-2022,96
05-10-2022,129
04-10-2022,101
03-10-2022,90
02-10-2022,73
01-10-2022,70
30-09-2022,74
29-09-2022,83
28-09-2022,83
27-09-2022,74
26-09-2022,73
25-09-2022,65
24-09-2022,71
23-09-2022,66
22-09-2022,69
21-09-2022,85
20-09-2022,65
19-09-2022,62
18-09-2022,65
17-09-2022,69
16-09-2022,83
15-09-2022,81
14-09-2022,70
13-09-2022,72
12-09-2022,70
11-09-2022,62
10-09-2022,59
09-09-2022,74
08-09-2022,61
07-09-2022,73
06-09-2022,57
05-09-2022,55
04-09-2022,58
03-09-2022,58
02-09-2022,48
01-09-2022,62
31-08-2022,49
30-08-2022,70
29-08-2022,60
28-08-2022,49
27-08-2022,50
26-08-2022,61
25-08-2022,62
24-08-2022,49
23-08-2022,48
22-08-2022,43
21-08-2022,68
20-08-2022,69
19-08-2022,63
18-08-2022,57
17-08-2022,56
16-08-2022,60
15-08-2022,63
14-08-2022,65
13-08-2022,66
12-08-2022,62
11-08-2022,70
10-08-2022,68
09-08-2022,64
08-08-2022,49
07-08-2022,54
06-08-2022,49
05-08-2022,57
04-08-2022,84
03-08-2022,56
02-08-2022,61
01-08-2022,61
31-07-2022,58
30-07-2022,50
29-07-2022,51
28-07-2022,49
27-07-2022,70
26-07-2022,54
25-07-2022,70
24-07-2022,55
23-07-2022,65
22-07-2022,52
21-07-2022,70
20-07-2022,76
19-07-2022,79
18-07-2022,61
17-07-2022,47
16-07-2022,69
15-07-2022,60
14-07-2022,53
13-07-2022,55
12-07-2022,53
11-07-2022,50
10-07-2022,60
09-07-2022,70
08-07-2022,65
07-07-2022,62
06-07-2022,52
05-07-2022,52
04-07-2022,64
03-07-2022,65
02-07-2022,53
01-07-2022,63
30-06-2022,77
29-06-2022,84
28-06-2022,76
27-06-2022,66
26-06-2022,64
25-06-2022,62
24-06-2022,64
23-06-2022,63
22-06-2022,59
21-06-2022,55
20-06-2022,58
19-06-2022,63
18-06-2022,52
17-06-2022,54
16-06-2022,56
15-06-2022,54
14-06-2022,54
13-06-2022,64
12-06-2022,65
11-06-2022,69
10-06-2022,60
09-06-2022,67
08-06-2022,68
07-06-2022,62
06-06-2022,62
05-06-2022,71
04-06-2022,83
03-06-2022,75
02-06-2022,75
01-06-2022,69
31-05-2022,68
30-05-2022,58
29-05-2022,68
28-05-2022,72
27-05-2022,67
26-05-2022,67
25-05-2022,61
24-05-2022,73
23-05-2022,56
22-05-2022,85
21-05-2022,79
20-05-2022,71
19-05-2022,57
18-05-2022,57
17-05-2022,57
16-05-2022,52
15-05-2022,69
14-05-2022,69
13-05-2022,61
12-05-2022,61
11-05-2022,71
10-05-2022,81
09-05-2022,94
08-05-2022,78
07-05-2022,80
06-05-2022,56
05-05-2022,91
04-05-2022,58
03-05-2022,84
02-05-2022,89
01-05-2022,58
30-04-2022,46
29-04-2022,61
28-04-2022,45
27-04-2022,43
26-04-2022,52
25-04-2022,47
24-04-2022,43
23-04-2022,38
22-04-2022,44
21-04-2022,39
20-04-2022,40
19-04-2022,45
18-04-2022,47
17-04-2022,50
16-04-2022,38
15-04-2022,35
14-04-2022,39
13-04-2022,36
12-04-2022,35
11-04-2022,42
10-04-2022,46
09-04-2022,43
08-04-2022,42
07-04-2022,49
06-04-2022,44
05-04-2022,34
04-04-2022,41
03-04-2022,44
02-04-2022,42
01-04-2022,45
